{"stats":{"minecraft:dropped":{"minecraft:yellow_terracotta":2,"minecraft:cobblestone":192,"minecraft:amethyst_block":6,"minecraft:activator_rail":2,"minecraft:rail":26,"minecraft:cobweb":1,"minecraft:brown_terracotta":11,"minecraft:smooth_sandstone":1,"minecraft:bone":11,"alexsmobs:animal_dictionary":1,"minecraft:light_gray_terracotta":2,"supplementaries:bomb":1,"minecraft:sandstone":14,"minecraft:bow":1,"minecraft:calcite":2,"minecraft:terracotta":2},"minecraft:killed_by":{"minecraft:spider":1,"cataclysm:symbiocto":1,"minecraft:skeleton":2,"untamedwilds:big_cat":1},"minecraft:picked_up":{"minecraft:crafting_table":4,"minecraft:coarse_dirt":2,"minecraft:wheat":297,"minecraft:chicken":1,"alexsmobs:roadrunner_feather":3,"gravestone:obituary":2,"minecraft:amethyst_block":12,"minecraft:raw_copper":23,"minecraft:purple_banner":1,"minecraft:activator_rail":2,"alexsmobs:emu_feather":3,"alexsmobs:banana":1,"minecraft:calcite":4,"minecraft:poppy":1,"minecraft:chest":6,"minecraft:melon_slice":17,"minecraft:sugar_cane":51,"minecraft:furnace":2,"minecraft:egg":3,"minecraft:stick":11,"minecraft:raw_iron":33,"minecraft:sandstone":28,"minecraft:acacia_fence":1,"minecraft:brown_terracotta":22,"minecraft:torch":3,"minecraft:acacia_log":30,"minecraft:sandstone_wall":4,"minecraft:porkchop":12,"farmersdelight:tomato_seeds":10,"minecraft:yellow_banner":1,"minecraft:arrow":10,"minecraft:rotten_flesh":6,"minecraft:tropical_fish":2,"minecraft:hay_block":28,"minecraft:yellow_terracotta":4,"alexsmobs:emu_egg":7,"minecraft:white_terracotta":1,"minecraft:mutton":12,"minecraft:rail":26,"minecraft:cod":1,"minecraft:white_wool":6,"minecraft:cobblestone":648,"minecraft:oxeye_daisy":1,"minecraft:feather":9,"minecraft:magenta_banner":1,"minecraft:jungle_log":9,"alexsmobs:acacia_blossom":1,"minecraft:flint":1,"minecraft:oak_log":19,"minecraft:magenta_bed":1,"minecraft:paper":8,"minecraft:lapis_lazuli":34,"minecraft:dirt":50,"minecraft:orange_terracotta":3,"minecraft:smooth_sandstone":2,"minecraft:bone":23,"minecraft:acacia_planks":1,"minecraft:bow":1,"minecraft:wheat_seeds":731,"minecraft:pink_banner":1,"minecraft:rabbit_hide":2,"minecraft:cobweb":1,"minecraft:rabbit":1,"minecraft:moss_block":1,"minecraft:acacia_sapling":3,"minecraft:pumpkin":32,"minecraft:gravel":10,"minecraft:sand":9,"minecraft:white_bed":3,"minecraft:loom":1,"alexsmobs:animal_dictionary":1,"minecraft:red_terracotta":2,"minecraft:spider_eye":2,"minecraft:cyan_banner":1,"minecraft:light_gray_terracotta":4,"minecraft:polished_andesite":2,"minecraft:lime_banner":1,"minecraft:diamond":3,"minecraft:granite":367,"untamedwilds:hide_golden":2,"minecraft:golden_apple":1,"minecraft:emerald":1,"minecraft:terracotta":4,"minecraft:oak_sapling":1,"minecraft:coal":152},"minecraft:mined":{"minecraft:yellow_terracotta":4,"minecraft:white_bed":3,"minecraft:yellow_wall_banner":1,"gravestone:gravestone":4,"minecraft:granite":292,"minecraft:acacia_log":30,"minecraft:grass_block":7,"minecraft:jungle_log":9,"minecraft:moss_block":1,"minecraft:sandstone":14,"minecraft:hay_block":28,"minecraft:furnace":2,"minecraft:iron_ore":33,"minecraft:cyan_wall_banner":1,"minecraft:pumpkin":32,"minecraft:lime_wall_banner":1,"minecraft:dirt_path":1,"minecraft:vine":2,"minecraft:stone":582,"minecraft:acacia_leaves":13,"minecraft:magenta_wall_banner":1,"minecraft:orange_terracotta":3,"minecraft:smooth_sandstone":1,"minecraft:crafting_table":4,"minecraft:torch":1,"minecraft:light_gray_terracotta":2,"minecraft:purple_wall_banner":1,"minecraft:calcite":2,"minecraft:poppy":1,"minecraft:chest":6,"minecraft:dead_bush":7,"minecraft:copper_ore":5,"minecraft:tall_grass":36,"farmersdelight:wild_tomatoes":10,"minecraft:lapis_ore":5,"minecraft:sugar_cane":18,"minecraft:wall_torch":2,"minecraft:amethyst_block":6,"minecraft:white_terracotta":1,"untamedwilds:block_burrow":1,"minecraft:red_terracotta":2,"minecraft:coarse_dirt":2,"minecraft:wheat":237,"minecraft:pink_wall_banner":1,"minecraft:grass":439,"minecraft:oak_log":19,"minecraft:coal_ore":152,"minecraft:acacia_fence":1,"minecraft:loom":1,"minecraft:gravel":11,"minecraft:sand":6,"minecraft:dirt":42,"minecraft:brown_terracotta":11,"minecraft:sandstone_wall":2,"minecraft:terracotta":2,"minecraft:acacia_planks":1,"minecraft:polished_andesite":2,"minecraft:oak_leaves":29,"minecraft:fern":1},"minecraft:custom":{"minecraft:mob_kills":39,"minecraft:animals_bred":41,"minecraft:interact_with_crafting_table":37,"minecraft:open_barrel":1,"minecraft:leave_game":3,"minecraft:time_since_death":49927,"minecraft:climb_one_cm":4016,"minecraft:sprint_one_cm":477571,"minecraft:walk_one_cm":773470,"minecraft:drop":20,"minecraft:talked_to_villager":1,"minecraft:play_time":195575,"minecraft:sneak_time":377,"minecraft:deaths":5,"minecraft:walk_under_water_one_cm":18849,"minecraft:jump":2065,"minecraft:walk_on_water_one_cm":17392,"minecraft:total_world_time":195575,"minecraft:interact_with_furnace":78,"minecraft:interact_with_loom":1,"minecraft:interact_with_grindstone":1,"minecraft:sleep_in_bed":8,"minecraft:time_since_rest":7472,"minecraft:damage_taken":1770,"minecraft:damage_dealt":5855,"minecraft:swim_one_cm":16328,"minecraft:fly_one_cm":190883,"minecraft:open_chest":66,"minecraft:crouch_one_cm":652,"minecraft:interact_with_smoker":2,"minecraft:fall_one_cm":34027},"minecraft:crafted":{"minecraft:oak_planks":19,"minecraft:cooked_chicken":1,"minecraft:furnace":4,"minecraft:cooked_mutton":16,"minecraft:iron_boots":1,"minecraft:leather":6,"minecraft:stone_pickaxe":7,"minecraft:chest":6,"minecraft:cooked_rabbit":1,"minecraft:gray_bed":1,"minecraft:cooked_beef":3,"minecraft:cooked_cod":1,"minecraft:cooked_porkchop":13,"minecraft:crafting_table":5,"minecraft:wooden_pickaxe":2,"minecraft:iron_helmet":1,"minecraft:stone_axe":3,"farmersdelight:beef_patty":3,"minecraft:air":634,"minecraft:jungle_planks":9,"minecraft:iron_chestplate":1,"minecraft:diamond_pickaxe":1,"minecraft:stick":51,"minecraft:iron_ingot":27,"minecraft:iron_pickaxe":1,"minecraft:wooden_axe":11,"minecraft:iron_leggings":1,"minecraft:white_bed":1,"minecraft:acacia_planks":30,"minecraft:torch":44},"minecraft:used":{"minecraft:moss_block":1,"minecraft:chest":10,"minecraft:white_terracotta":1,"minecraft:cooked_chicken":1,"travelersbackpack:bat":4,"minecraft:torch":54,"minecraft:dirt":23,"minecraft:jungle_planks":1,"minecraft:carrot":7,"minecraft:granite":1,"minecraft:wooden_axe":200,"minecraft:hay_block":2,"minecraft:furnace":5,"minecraft:cooked_cod":1,"minecraft:gray_bed":1,"alexsmobs:banana":1,"minecraft:acacia_planks":9,"minecraft:pumpkin":15,"minecraft:orange_terracotta":3,"minecraft:wheat_seeds":198,"minecraft:cooked_mutton":2,"minecraft:stone_pickaxe":923,"minecraft:wooden_pickaxe":288,"minecraft:sugar_cane":12,"minecraft:golden_apple":1,"minecraft:white_wool":1,"minecraft:sand":3,"minecraft:yellow_terracotta":2,"minecraft:crafting_table":7,"supplementaries:bomb":1,"minecraft:magenta_bed":1,"minecraft:white_bed":4,"minecraft:diamond_pickaxe":61,"minecraft:bread":6,"minecraft:melon_slice":17,"minecraft:iron_pickaxe":124,"minecraft:gravel":9,"minecraft:stone_axe":76,"minecraft:cobblestone":5,"minecraft:cooked_rabbit":1,"minecraft:coarse_dirt":2},"minecraft:killed":{"untamedwilds:hyena":1,"minecraft:spider":1,"alexsmobs:rattlesnake":1,"minecraft:skeleton":4,"minecraft:chicken":1,"minecraft:tropical_fish":2,"minecraft:pig":4,"untamedwilds:big_cat":1,"alexsmobs:emu":1,"minecraft:sheep":6,"minecraft:zombie":7,"alexsmobs:gazelle":2,"minecraft:stray":4,"alexsmobs:roadrunner":4},"minecraft:broken":{"minecraft:wooden_pickaxe":1,"minecraft:stone_pickaxe":7,"minecraft:wooden_axe":4}},"DataVersion":3465}