{"stats":{"minecraft:killed_by":{"minecraft:silverfish":1,"minecraft:zombie":1},"minecraft:used":{"minecraft:stone_sword":124,"minecraft:iron_shovel":64,"minecraft:chest":1,"minecraft:shield":18,"minecraft:iron_sword":202,"minecraft:cooked_chicken":2,"minecraft:torch":52,"minecraft:dirt":1,"minecraft:carrot":16,"minecraft:wooden_axe":8,"minecraft:iron_axe":16,"untamedwilds:food_bear_cooked":7,"minecraft:furnace":4,"minecraft:cooked_cod":1,"minecraft:cobbled_deepslate":61,"minecraft:stripped_spruce_wood":14,"minecraft:water_bucket":1,"minecraft:stone_pickaxe":243,"minecraft:wooden_pickaxe":37,"minecraft:jungle_boat":5,"minecraft:glow_berries":74,"minecraft:red_bed":1,"minecraft:crafting_table":9,"minecraft:melon_slice":10,"minecraft:iron_pickaxe":418,"minecraft:stone_axe":129,"minecraft:pink_bed":2,"minecraft:wooden_sword":59,"minecraft:cobblestone":109,"minecraft:smithing_table":2,"minecraft:bucket":3},"minecraft:picked_up":{"minecraft:crafting_table":8,"minecraft:wheat":6,"minecraft:sandstone_slab":3,"minecraft:anvil":1,"minecraft:clay_ball":64,"minecraft:smithing_table":2,"supplementaries:bomb_blue":2,"minecraft:stone_slab":2,"untamedwilds:hide_ashen":8,"minecraft:wooden_pickaxe":1,"minecraft:gold_block":1,"minecraft:brewing_stand":1,"minecraft:string":2,"minecraft:red_bed":1,"minecraft:moss_carpet":4,"untamedwilds:food_bear_raw":10,"minecraft:iron_shovel":2,"minecraft:blue_orchid":2,"minecraft:beetroot":8,"minecraft:cobbled_deepslate":141,"untamedwilds:flora_water_hyacinth_item":6,"minecraft:azalea":2,"minecraft:iron_nugget":46,"minecraft:poppy":1,"minecraft:iron_pickaxe":1,"minecraft:melon_slice":71,"minecraft:chest":3,"farmersdelight:cabbage_seeds":3,"minecraft:furnace":4,"minecraft:beehive":1,"minecraft:raw_iron":135,"orcz:orcskull":2,"minecraft:big_dripleaf":5,"minecraft:torch":33,"orcz:orchorn":2,"untamedwilds:hide_black":3,"minecraft:carrot":221,"orcz:palisadedarkoak":4,"minecraft:redstone":8,"minecraft:dark_oak_planks":2,"untamedwilds:food_bear_cooked":3,"minecraft:arrow":10,"minecraft:rotten_flesh":6,"minecraft:cooked_cod":1,"minecraft:beetroot_seeds":22,"minecraft:jungle_stairs":1,"orcz:orcshroom":1,"farmersdelight:rope":8,"supplementaries:ash":36,"minecraft:glow_berries":54,"minecraft:white_wool":9,"minecraft:cobblestone":126,"minecraft:oxeye_daisy":2,"minecraft:jungle_boat":5,"orcz:orcteeth":64,"untamedwilds:flora_elephant_ear":1,"minecraft:jungle_log":47,"minecraft:potato":201,"minecraft:torchflower":2,"minecraft:tuff":1,"minecraft:stripped_spruce_wood":35,"minecraft:oak_log":2,"travelersbackpack:gold_tier_upgrade":2,"minecraft:lapis_lazuli":29,"minecraft:dirt":2,"untamedwilds:food_turtle_raw":1,"minecraft:bone":33,"untamedwilds:material_fat":6,"minecraft:wheat_seeds":24,"minecraft:raw_gold":1,"minecraft:mossy_stone_bricks":1,"minecraft:bamboo":10,"minecraft:moss_block":53,"minecraft:flowering_azalea":2,"minecraft:dark_oak_stairs":1,"minecraft:book":45,"minecraft:pink_bed":3,"orcz:blue_orcshroom":1,"orcz:orcagaric":1,"minecraft:dandelion":3,"minecraft:sand":58,"minecraft:jungle_planks":4,"minecraft:dark_oak_log":3,"artifacts:helium_flamingo":1,"minecraft:purple_bed":1,"minecraft:stone_axe":1,"minecraft:diamond":69,"orcz:ironscrap":8,"minecraft:coal":33,"minecraft:oak_leaves":1},"minecraft:killed":{"orcz:goblinshield":2,"minecraft:spider":1,"minecraft:skeleton":9,"minecraft:bee":3,"orcz:orcsavagemace":4,"minecraft:silverfish":10,"alexsmobs:rocky_roller":1,"minecraft:husk":2,"orcz:goblinsavagemace":2,"minecraft:bat":2,"untamedwilds:bear":3,"cataclysm:deepling_brute":1,"minecraft:zombie":12,"orcz:bigorcboss":2,"orcz:snot":3,"orcz:orcsavage_2sword":3,"orcz:goblin_2sword":1,"orcz:orcshield":4},"minecraft:dropped":{"minecraft:wheat_seeds":1,"untamedwilds:material_fat":4,"minecraft:cobblestone":1,"minecraft:jungle_planks":5,"minecraft:stick":2,"minecraft:yellow_dye":1,"supplementaries:bomb_blue":2,"gravestone:obituary":1,"minecraft:jungle_boat":1,"minecraft:iron_pickaxe":1,"minecraft:iron_shovel":1,"minecraft:string":1,"minecraft:stone_axe":2,"minecraft:iron_nugget":23,"minecraft:stone_sword":1,"minecraft:cobbled_deepslate":13,"farmersdelight:cabbage_seeds":3,"minecraft:raw_iron":8,"minecraft:beetroot":1,"minecraft:rotten_flesh":5,"orcz:orcshroom":1,"untamedwilds:food_bear_cooked":3,"minecraft:big_dripleaf":4,"travelersbackpack:gold_tier_upgrade":2,"artifacts:helium_flamingo":1,"minecraft:beetroot_seeds":22,"minecraft:azalea":2,"minecraft:chest":1,"farmersdelight:rope":16,"minecraft:blue_orchid":2,"minecraft:wooden_pickaxe":1,"minecraft:stone_pickaxe":1,"untamedwilds:flora_water_hyacinth_item":1},"minecraft:custom":{"minecraft:interact_with_smithing_table":6,"minecraft:mob_kills":66,"minecraft:interact_with_crafting_table":37,"minecraft:open_barrel":7,"minecraft:damage_dealt_resisted":1124,"minecraft:leave_game":1,"minecraft:time_since_death":117099,"minecraft:climb_one_cm":4673,"minecraft:sprint_one_cm":350683,"minecraft:walk_one_cm":635733,"minecraft:damage_blocked_by_shield":770,"minecraft:drop":47,"minecraft:talked_to_villager":2,"minecraft:walk_under_water_one_cm":14405,"minecraft:play_time":132357,"minecraft:deaths":2,"minecraft:sneak_time":728,"minecraft:boat_one_cm":183809,"minecraft:jump":1544,"minecraft:interact_with_brewingstand":1,"minecraft:interact_with_blast_furnace":2,"minecraft:walk_on_water_one_cm":37868,"minecraft:total_world_time":132357,"minecraft:interact_with_furnace":45,"minecraft:sleep_in_bed":5,"minecraft:time_since_rest":7640,"minecraft:damage_taken":1845,"minecraft:damage_dealt":12722,"minecraft:swim_one_cm":31967,"minecraft:fly_one_cm":110279,"minecraft:open_chest":65,"minecraft:crouch_one_cm":3640,"minecraft:fall_one_cm":25478},"minecraft:broken":{"minecraft:stone_pickaxe":1,"minecraft:wooden_sword":1,"minecraft:iron_pickaxe":1},"minecraft:mined":{"minecraft:dark_oak_planks":2,"minecraft:tuff":7,"minecraft:pink_bed":2,"minecraft:deepslate_diamond_ore":29,"minecraft:dark_oak_log":3,"orcz:palisadedarkoak":6,"minecraft:brewing_stand":1,"gravestone:gravestone":1,"minecraft:cave_vines_plant":42,"minecraft:acacia_log":1,"minecraft:grass_block":1,"minecraft:jungle_log":45,"farmersdelight:tomatoes":1,"minecraft:moss_block":47,"minecraft:oxeye_daisy":2,"minecraft:sandstone_stairs":3,"minecraft:spawner":1,"minecraft:tall_seagrass":1,"minecraft:redstone_ore":2,"minecraft:furnace":4,"minecraft:carrots":74,"minecraft:iron_ore":47,"minecraft:fire":1,"minecraft:cobbled_deepslate":1,"minecraft:anvil":1,"minecraft:dark_oak_stairs":1,"minecraft:flowering_azalea_leaves":1,"minecraft:bookshelf":15,"minecraft:potatoes":62,"minecraft:vine":6,"minecraft:cave_vines":61,"minecraft:deepslate_iron_ore":88,"minecraft:bamboo":1,"minecraft:azalea":1,"minecraft:stone":171,"orcz:scrapblock":2,"minecraft:white_wool":9,"minecraft:smithing_table":2,"minecraft:sandstone_slab":5,"minecraft:cut_sandstone":1,"untamedwilds:flora_water_hyacinth":8,"minecraft:flowering_azalea":1,"minecraft:red_bed":1,"minecraft:dandelion":3,"minecraft:crafting_table":9,"minecraft:clay":18,"minecraft:jungle_stairs":1,"minecraft:poppy":2,"minecraft:melon":12,"minecraft:chest":2,"minecraft:dead_bush":2,"untamedwilds:flora_elephant_ear":1,"minecraft:stone_slab":1,"farmersdelight:cabbages":3,"minecraft:tall_grass":1,"minecraft:cobblestone":5,"minecraft:deepslate_coal_ore":5,"minecraft:lapis_ore":4,"minecraft:deepslate_gold_ore":1,"minecraft:wall_torch":3,"minecraft:big_dripleaf":1,"supplementaries:urn":18,"minecraft:purple_bed":1,"minecraft:stripped_spruce_wood":38,"minecraft:wheat":12,"minecraft:mud":2,"minecraft:beehive":1,"minecraft:torchflower":2,"minecraft:grass":7,"minecraft:oak_log":2,"minecraft:coal_ore":41,"minecraft:beetroots":8,"minecraft:sand":63,"minecraft:dirt":4,"minecraft:gravel":1,"minecraft:infested_cracked_stone_bricks":1,"minecraft:mossy_stone_bricks":1,"minecraft:oak_leaves":3,"minecraft:deepslate":166},"minecraft:crafted":{"minecraft:wooden_sword":1,"minecraft:yellow_wool":2,"minecraft:oak_planks":4,"travelersbackpack:crafting_upgrade":1,"minecraft:cooked_chicken":2,"travelersbackpack:yellow_sleeping_bag":1,"minecraft:furnace":1,"travelersbackpack:gold_tier_upgrade":1,"travelersbackpack:blank_upgrade":4,"minecraft:glass":32,"minecraft:iron_boots":1,"minecraft:iron_axe":1,"minecraft:stone_pickaxe":2,"minecraft:chest":3,"untamedwilds:food_bear_cooked":8,"travelersbackpack:diamond_tier_upgrade":1,"minecraft:red_dye":1,"travelersbackpack:iron_tier_upgrade":1,"minecraft:wooden_shovel":1,"minecraft:crafting_table":4,"minecraft:jungle_boat":3,"travelersbackpack:standard":4,"minecraft:wooden_pickaxe":2,"minecraft:iron_helmet":1,"minecraft:iron_sword":1,"minecraft:smithing_table":1,"minecraft:bucket":2,"minecraft:stone_axe":1,"minecraft:air":0,"minecraft:jungle_planks":96,"minecraft:yellow_dye":3,"minecraft:white_wool":3,"minecraft:iron_chestplate":1,"minecraft:shield":1,"minecraft:stick":36,"minecraft:iron_ingot":65,"minecraft:iron_pickaxe":2,"minecraft:wooden_axe":1,"minecraft:gold_ingot":9,"minecraft:stone_sword":1,"minecraft:iron_leggings":1,"minecraft:torch":48}},"DataVersion":3465}