{"stats":{"minecraft:killed_by":{"minecraft:player":1,"minecraft:spider":1,"orcz:orcsavagemace":1,"cataclysm:hippocamtus":1},"minecraft:used":{"minecraft:moss_block":5,"minecraft:stone_sword":28,"cataclysm:goddess_statue":1,"minecraft:iron_sword":42,"minecraft:iron_chestplate":1,"minecraft:torch":21,"minecraft:dirt":21,"minecraft:diamond_helmet":1,"cataclysm:azure_seastone":11,"minecraft:axolotl_bucket":1,"minecraft:obsidian":1,"minecraft:wooden_axe":1,"minecraft:iron_axe":2,"minecraft:iron_helmet":1,"minecraft:iron_boots":1,"minecraft:basalt":3,"minecraft:magma_block":1,"minecraft:oak_sapling":1,"minecraft:furnace":3,"alexsmobs:banana":1,"untamedwilds:material_fat":1,"morevanillashields:diamond_shield":24,"minecraft:iron_leggings":1,"minecraft:golden_boots":1,"minecraft:water_bucket":10,"travelersbackpack:cow":9,"minecraft:diamond_boots":2,"minecraft:stone_pickaxe":137,"minecraft:oak_planks":103,"minecraft:wooden_pickaxe":3,"minecraft:golden_apple":2,"minecraft:glow_berries":28,"minecraft:sand":11,"cataclysm:azure_seastone_mural_empty":2,"cataclysm:chiseled_azure_seastone_pillar_wall":1,"minecraft:oak_slab":6,"minecraft:crafting_table":7,"cataclysm:azure_seastone_brick_stairs":8,"minecraft:white_bed":3,"cataclysm:azure_seastone_bricks":8,"minecraft:melon_slice":19,"minecraft:bread":52,"minecraft:iron_pickaxe":65,"minecraft:cracked_nether_bricks":1,"cataclysm:azure_seastone_slab":1,"minecraft:stone_axe":94,"minecraft:chiseled_stone_bricks":7,"minecraft:diamond_sword":183,"minecraft:cobblestone":25,"minecraft:bucket":12,"minecraft:coarse_dirt":10},"minecraft:picked_up":{"minecraft:wooden_axe":1,"minecraft:charcoal":1,"minecraft:coarse_dirt":10,"minecraft:crafting_table":4,"minecraft:wheat":47,"minecraft:clay_ball":8,"minecraft:diamond_sword":1,"gravestone:obituary":3,"minecraft:golden_sword":1,"minecraft:shield":1,"alexsmobs:gazelle_horn":1,"minecraft:moss_carpet":1,"minecraft:iron_axe":1,"cataclysm:polished_azure_seastone_slab":1,"minecraft:beetroot":1,"minecraft:cracked_stone_bricks":1,"minecraft:diamond_leggings":1,"alexsmobs:banana":1,"minecraft:beef":2,"minecraft:poppy":1,"minecraft:melon_slice":22,"minecraft:furnace":1,"minecraft:stick":10,"minecraft:raw_iron":33,"minecraft:big_dripleaf":5,"cataclysm:azure_seastone_pillar":3,"minecraft:torch":3,"cataclysm:azure_seastone_mural_empty":2,"minecraft:stone_pressure_plate":2,"cataclysm:azure_seastone_wall":1,"minecraft:dark_oak_planks":9,"cataclysm:azure_seastone_brick_stairs":8,"artifacts:snorkel":1,"minecraft:arrow":5,"minecraft:rotten_flesh":3,"minecraft:beetroot_seeds":1,"minecraft:nether_bricks":30,"minecraft:hay_block":28,"cataclysm:chiseled_azure_seastone_pillar_wall":1,"minecraft:blaze_rod":1,"supplementaries:ash":11,"minecraft:nether_brick_wall":1,"minecraft:obsidian":1,"minecraft:glow_berries":17,"minecraft:mutton":1,"minecraft:white_wool":3,"minecraft:cobblestone":49,"minecraft:sponge":1,"cataclysm:goddess_statue":1,"minecraft:magma_cream":1,"minecraft:magma_block":3,"minecraft:basalt":122,"orcz:orcteeth":1,"cataclysm:azure_seastone":11,"minecraft:jungle_log":34,"cataclysm:azure_seastone_brick_slab":1,"minecraft:leather":3,"minecraft:oak_log":35,"supplementaries:flax_seeds":2,"cataclysm:azure_seastone_fence":1,"minecraft:wither_skeleton_skull":1,"minecraft:dirt":22,"untamedwilds:food_turtle_raw":2,"minecraft:bone":29,"travelersbackpack:cow":2,"minecraft:stone_bricks":3,"untamedwilds:material_fat":2,"minecraft:wheat_seeds":1,"minecraft:moss_block":7,"minecraft:prismarine":4,"minecraft:oak_planks":1,"minecraft:chiseled_stone_bricks":7,"minecraft:cracked_nether_bricks":7,"minecraft:sand":11,"minecraft:white_bed":2,"minecraft:diamond_block":2,"cataclysm:polished_azure_seastone":1,"minecraft:oak_wood":5,"minecraft:diamond":1,"cataclysm:azure_seastone_bricks":8,"minecraft:stone_axe":1,"minecraft:chainmail_leggings":1,"cataclysm:azure_seastone_slab":1,"minecraft:bread":90,"minecraft:oak_sapling":4,"minecraft:netherrack":11,"cataclysm:chitin_claw":1,"cataclysm:lacrima":11,"minecraft:coal":38},"minecraft:killed":{"cataclysm:cindaria":1,"minecraft:spider":1,"untamedwilds:softshell_turtle":1,"cataclysm:clawdian":1,"minecraft:skeleton":4,"minecraft:silverfish":8,"alexsmobs:straddler":1,"minecraft:magma_cube":7,"orcz:goblinsavagemace":3,"cataclysm:symbiocto":4,"cataclysm:hippocamtus":1,"minecraft:zombie":3,"cataclysm:drowned_host":3,"cataclysm:urchinkin":6,"alexsmobs:gazelle":3,"minecraft:wither_skeleton":9,"minecraft:blaze":3,"minecraft:cow":1},"minecraft:dropped":{"minecraft:bread":30,"minecraft:iron_sword":1,"minecraft:moss_block":2,"minecraft:wheat_seeds":1,"untamedwilds:material_fat":1,"minecraft:diamond":2,"cataclysm:chitin_claw":1,"minecraft:iron_helmet":1,"minecraft:cobblestone":3,"minecraft:book":7,"minecraft:leather":2,"cataclysm:azure_seastone_brick_slab":1,"cataclysm:azure_seastone_wall":1,"minecraft:golden_apple":1,"minecraft:stick":5,"artifacts:snorkel":1,"minecraft:melon_slice":3,"gravestone:obituary":7,"minecraft:iron_axe":1,"cataclysm:polished_azure_seastone_slab":1,"minecraft:chainmail_leggings":1,"minecraft:bone":13,"minecraft:stone_axe":1,"minecraft:moss_carpet":1,"alexsmobs:gazelle_horn":1,"minecraft:cooked_chicken":1,"minecraft:stone_sword":1,"minecraft:beetroot":1,"minecraft:rotten_flesh":3,"minecraft:iron_boots":1,"minecraft:clay_ball":8,"minecraft:diamond_sword":1,"minecraft:big_dripleaf":5,"supplementaries:flax_seeds":2,"supplementaries:ash":6,"minecraft:shield":1,"orcz:orcteeth":1,"minecraft:charcoal":1,"minecraft:beetroot_seeds":1,"minecraft:oak_sapling":3,"minecraft:stone_bricks":3,"minecraft:stone_pressure_plate":2,"minecraft:beef":2,"minecraft:stone_pickaxe":1,"minecraft:wooden_pickaxe":1},"minecraft:custom":{"minecraft:mob_kills":61,"minecraft:interact_with_crafting_table":32,"minecraft:open_barrel":17,"minecraft:leave_game":2,"minecraft:time_since_death":2435,"minecraft:climb_one_cm":13132,"minecraft:sprint_one_cm":339441,"minecraft:walk_one_cm":448695,"minecraft:damage_blocked_by_shield":665,"minecraft:drop":69,"minecraft:play_time":156780,"minecraft:deaths":6,"minecraft:sneak_time":11350,"minecraft:walk_under_water_one_cm":103985,"minecraft:boat_one_cm":245821,"minecraft:jump":3867,"minecraft:walk_on_water_one_cm":43616,"minecraft:total_world_time":156780,"minecraft:interact_with_furnace":29,"minecraft:sleep_in_bed":2,"minecraft:time_since_rest":2512,"minecraft:damage_taken":4555,"minecraft:damage_absorbed":80,"minecraft:damage_dealt":10320,"minecraft:swim_one_cm":38800,"minecraft:fly_one_cm":757027,"minecraft:open_chest":22,"minecraft:crouch_one_cm":57708,"minecraft:fall_one_cm":115720},"minecraft:mined":{"minecraft:white_bed":2,"cataclysm:polished_azure_seastone_wall":1,"cataclysm:goddess_statue":1,"cataclysm:azure_seastone":4,"minecraft:nether_brick_wall":1,"minecraft:black_terracotta":1,"minecraft:jungle_leaves":5,"minecraft:nether_bricks":10,"minecraft:cave_vines_plant":14,"gravestone:gravestone":4,"minecraft:grass_block":12,"minecraft:jungle_log":34,"cataclysm:azure_seastone_pillar":3,"minecraft:moss_block":8,"minecraft:cracked_nether_bricks":2,"minecraft:chiseled_stone_bricks":7,"cataclysm:azure_seastone_mural_empty":2,"minecraft:large_fern":1,"cataclysm:azure_seastone_brick_stairs":5,"minecraft:magma_block":4,"minecraft:furnace":2,"cataclysm:azure_seastone_fence":1,"minecraft:iron_ore":33,"minecraft:fire":4,"minecraft:diamond_block":3,"minecraft:big_dripleaf_stem":1,"minecraft:dirt_path":2,"minecraft:cave_vines":22,"minecraft:vine":5,"minecraft:stone":40,"cataclysm:azure_seastone_slab":1,"minecraft:white_wool":6,"cataclysm:chiseled_azure_seastone_pillar_wall":1,"cataclysm:azure_seastone_bricks":1,"minecraft:basalt":5,"minecraft:clay":1,"minecraft:crafting_table":2,"minecraft:sponge":1,"minecraft:oak_wood":6,"minecraft:poppy":1,"minecraft:tall_grass":1,"minecraft:cobblestone":8,"minecraft:prismarine":2,"minecraft:oak_planks":4,"minecraft:wall_torch":1,"supplementaries:urn":4,"cataclysm:azure_seastone_brick_slab":3,"farmersdelight:wild_beetroots":1,"cataclysm:polished_azure_seastone_slab":1,"cataclysm:polished_azure_seastone":1,"minecraft:oak_log":35,"minecraft:grass":2,"minecraft:coal_ore":35,"travelersbackpack:cow":1,"minecraft:dirt":4,"minecraft:sand":11,"minecraft:infested_cracked_stone_bricks":1,"minecraft:cracked_stone_bricks":1,"minecraft:stone_bricks":2,"minecraft:oak_leaves":13,"minecraft:fern":2},"minecraft:crafted":{"minecraft:oak_planks":45,"minecraft:cooked_chicken":1,"minecraft:furnace":2,"minecraft:diamond":2,"minecraft:diamond_helmet":1,"minecraft:iron_boots":1,"minecraft:stone_pickaxe":1,"minecraft:diamond_boots":1,"minecraft:golden_boots":1,"minecraft:wheat":28,"minecraft:oak_slab":6,"minecraft:diamond_sword":1,"minecraft:crafting_table":3,"minecraft:wooden_pickaxe":1,"minecraft:iron_helmet":1,"minecraft:iron_sword":1,"minecraft:bucket":1,"minecraft:bread":79,"minecraft:air":634,"minecraft:iron_chestplate":1,"minecraft:charcoal":26,"minecraft:shield":1,"minecraft:stick":13,"minecraft:iron_ingot":33,"minecraft:iron_pickaxe":1,"minecraft:stone_sword":1,"minecraft:iron_leggings":1,"minecraft:white_bed":1,"morevanillashields:diamond_shield":1,"minecraft:torch":24}},"DataVersion":3465}