{"stats":{"minecraft:dropped":{"minecraft:bread":22,"minecraft:iron_sword":1,"minecraft:dark_oak_stairs":1,"minecraft:wheat_seeds":2,"minecraft:oak_log":2,"untamedwilds:material_fat":1,"minecraft:diamond":2,"minecraft:crafting_table":2,"untamedwilds:food_turtle_raw":1,"minecraft:diamond_leggings":1,"minecraft:dark_oak_slab":2,"minecraft:yellow_terracotta":2,"minecraft:iron_helmet":1,"minecraft:feather":1,"minecraft:cobblestone":35,"minecraft:glow_berries":1,"minecraft:rooted_dirt":1,"minecraft:jungle_planks":2,"cataclysm:azure_seastone_brick_slab":2,"farmersdelight:rice":7,"minecraft:pufferfish":2,"minecraft:stick":4,"minecraft:emerald":1,"minecraft:dirt":17,"artifacts:snorkel":1,"minecraft:ink_sac":3,"minecraft:wooden_axe":2,"minecraft:melon_slice":39,"minecraft:coast_armor_trim_smithing_template":2,"minecraft:iron_leggings":2,"gravestone:obituary":4,"minecraft:sand":17,"minecraft:iron_axe":2,"minecraft:dark_oak_planks":11,"minecraft:string":3,"minecraft:smooth_sandstone":1,"minecraft:white_wool":9,"minecraft:danger_pottery_sherd":1,"cataclysm:azure_seastone_brick_stairs":1,"minecraft:stone_axe":4,"minecraft:coarse_dirt":2,"alexsmobs:animal_dictionary":4,"minecraft:light_gray_terracotta":2,"minecraft:rotten_flesh":1,"minecraft:iron_boots":1,"minecraft:clay_ball":56,"minecraft:stone_slab":2,"minecraft:white_bed":1,"untamedwilds:hide_black":3,"minecraft:chainmail_chestplate":2,"minecraft:filled_map":1,"minecraft:shield":1,"minecraft:oak_wood":1,"minecraft:jungle_stairs":1,"minecraft:mossy_stone_bricks":1,"minecraft:oak_sapling":5,"minecraft:wooden_shovel":1,"minecraft:sandstone":14,"minecraft:bow":1,"minecraft:stone_pickaxe":2,"minecraft:wooden_pickaxe":2,"untamedwilds:spawn_tortoise":1,"untamedwilds:flora_elephant_ear":1,"minecraft:brick":3,"minecraft:terracotta":2},"minecraft:killed_by":{"minecraft:creeper":1,"cataclysm:urchinkin":1,"artifacts:mimic":1,"cataclysm:clawdian":1},"minecraft:picked_up":{"minecraft:coarse_dirt":4,"minecraft:charcoal":2,"minecraft:crafting_table":12,"minecraft:wheat":64,"cataclysm:azure_seastone_stairs":1,"minecraft:chicken":2,"minecraft:clay_ball":112,"minecraft:stone_slab":2,"gravestone:obituary":1,"minecraft:brick":6,"minecraft:string":4,"minecraft:iron_axe":1,"minecraft:iron_leggings":2,"minecraft:blackstone":26,"minecraft:beetroot":1,"minecraft:iron_pickaxe":1,"minecraft:melon_slice":93,"minecraft:furnace":5,"minecraft:raw_iron":14,"minecraft:stick":9,"minecraft:sandstone":14,"minecraft:carrot":11,"cataclysm:azure_seastone_wall":3,"cataclysm:azure_seastone_brick_stairs":1,"artifacts:snorkel":4,"minecraft:arrow":4,"minecraft:rotten_flesh":9,"minecraft:cooked_cod":2,"minecraft:beetroot_seeds":10,"minecraft:hay_block":15,"minecraft:yellow_terracotta":2,"untameddelight:boar_chop":1,"minecraft:gold_ingot":9,"minecraft:blaze_rod":3,"minecraft:glow_berries":3,"minecraft:obsidian":7,"minecraft:mutton":5,"minecraft:white_wool":6,"minecraft:cobblestone":528,"cataclysm:goddess_statue":1,"minecraft:magma_block":1,"minecraft:jungle_boat":1,"minecraft:feather":2,"minecraft:basalt":141,"minecraft:magma_cream":1,"minecraft:jungle_log":1,"minecraft:salmon":1,"cataclysm:azure_seastone_brick_slab":2,"minecraft:filled_map":2,"minecraft:chainmail_chestplate":2,"minecraft:oak_log":20,"minecraft:danger_pottery_sherd":2,"minecraft:dirt":33,"farmersdelight:mutton_chops":2,"untamedwilds:spawn_tortoise":2,"minecraft:smooth_sandstone":1,"minecraft:bone":6,"untamedwilds:spawn_softshell_turtle":2,"minecraft:apple":11,"minecraft:bow":2,"minecraft:stone_pickaxe":1,"minecraft:cooked_chicken":1,"minecraft:moss_block":3,"minecraft:iron_sword":1,"minecraft:oak_planks":9,"minecraft:dark_oak_slab":2,"minecraft:quartz":11,"minecraft:sand":34,"minecraft:ink_sac":3,"minecraft:white_bed":2,"minecraft:cyan_bed":4,"minecraft:diamond_block":1,"minecraft:dark_oak_log":1,"alexsmobs:animal_dictionary":2,"minecraft:oak_wood":1,"minecraft:light_gray_terracotta":2,"minecraft:stone_axe":2,"minecraft:bread":11,"minecraft:terracotta":2,"minecraft:rooted_dirt":2,"minecraft:oak_sapling":5,"minecraft:netherrack":64,"cataclysm:lacrima":10,"minecraft:coal":157},"minecraft:mined":{"minecraft:white_bed":1,"cataclysm:goddess_statue":1,"cataclysm:azure_seastone":7,"minecraft:dark_oak_log":1,"alexsmobs:leafcutter_anthill":1,"minecraft:jungle_leaves":2,"minecraft:obsidian":8,"minecraft:nether_bricks":34,"gravestone:gravestone":7,"minecraft:grass_block":7,"minecraft:decorated_pot":1,"minecraft:jungle_log":1,"cataclysm:azure_seastone_stairs":1,"minecraft:moss_block":2,"minecraft:rooted_dirt":1,"minecraft:cracked_nether_bricks":5,"minecraft:spawner":1,"minecraft:hay_block":16,"cataclysm:azure_seastone_brick_stairs":9,"minecraft:magma_block":1,"minecraft:furnace":4,"minecraft:iron_ore":14,"minecraft:nether_brick_stairs":1,"minecraft:cave_vines":1,"minecraft:vine":4,"minecraft:stone":182,"cataclysm:azure_seastone_slab":1,"minecraft:white_wool":3,"cataclysm:azure_seastone_bricks":7,"minecraft:acacia_leaves":3,"minecraft:blackstone":26,"minecraft:basalt":265,"supplementaries:ashen_basalt":1,"minecraft:clay":14,"minecraft:crafting_table":12,"minecraft:melon":19,"minecraft:dead_bush":1,"minecraft:campfire":1,"minecraft:nether_quartz_ore":11,"minecraft:tall_grass":2,"minecraft:cobblestone":13,"minecraft:cyan_bed":3,"minecraft:prismarine":2,"minecraft:oak_planks":3,"cataclysm:azure_seastone_brick_slab":1,"farmersdelight:wild_beetroots":10,"untamedwilds:block_burrow":1,"farmersdelight:sandy_shrub":1,"minecraft:coarse_dirt":2,"minecraft:dark_oak_slab":2,"minecraft:sea_pickle":1,"cataclysm:azure_seastone_wall":3,"minecraft:grass":8,"minecraft:coal_ore":49,"minecraft:oak_log":18,"minecraft:dirt":24,"minecraft:sand":1,"minecraft:netherrack":76,"minecraft:oak_leaves":10,"minecraft:fern":2},"minecraft:custom":{"minecraft:mob_kills":56,"minecraft:interact_with_crafting_table":28,"minecraft:open_barrel":22,"minecraft:interact_with_campfire":4,"minecraft:leave_game":1,"minecraft:time_since_death":17396,"minecraft:climb_one_cm":9309,"minecraft:sprint_one_cm":371130,"minecraft:walk_one_cm":560120,"minecraft:damage_blocked_by_shield":1010,"minecraft:drop":93,"minecraft:play_time":175653,"minecraft:sneak_time":11529,"minecraft:deaths":6,"minecraft:walk_under_water_one_cm":107902,"minecraft:boat_one_cm":290095,"minecraft:jump":3178,"minecraft:walk_on_water_one_cm":45819,"minecraft:total_world_time":175653,"minecraft:interact_with_furnace":39,"minecraft:sleep_in_bed":8,"minecraft:time_since_rest":17449,"minecraft:damage_absorbed":40,"minecraft:damage_taken":5895,"minecraft:damage_dealt":11249,"minecraft:swim_one_cm":77283,"minecraft:fly_one_cm":517155,"minecraft:open_chest":33,"minecraft:crouch_one_cm":55103,"minecraft:fall_one_cm":76824},"minecraft:crafted":{"minecraft:oak_planks":19,"minecraft:cooked_chicken":1,"minecraft:furnace":1,"minecraft:cooked_mutton":6,"minecraft:diamond":1,"minecraft:diamond_helmet":1,"minecraft:diamond_leggings":1,"minecraft:iron_boots":1,"minecraft:iron_axe":1,"minecraft:stone_pickaxe":1,"minecraft:oak_button":4,"untamedwilds:food_bear_cooked":2,"minecraft:dark_oak_planks":4,"minecraft:wheat":15,"minecraft:diamond_sword":1,"farmersdelight:cooked_mutton_chops":2,"minecraft:diamond_axe":1,"minecraft:crafting_table":1,"minecraft:wooden_pickaxe":1,"minecraft:iron_helmet":1,"minecraft:stone_axe":2,"minecraft:air":337,"minecraft:bread":71,"minecraft:jungle_planks":1,"minecraft:oak_boat":1,"minecraft:diamond_pickaxe":1,"minecraft:charcoal":8,"minecraft:shield":1,"minecraft:stick":7,"minecraft:iron_ingot":13,"minecraft:iron_pickaxe":1,"minecraft:wooden_axe":1,"minecraft:white_bed":1,"morevanillashields:diamond_shield":1},"minecraft:killed":{"cataclysm:cindaria":1,"minecraft:zombified_piglin":2,"minecraft:skeleton":6,"minecraft:chicken":2,"alexsmobs:straddler":1,"minecraft:drowned":1,"artifacts:mimic":1,"minecraft:magma_cube":14,"untamedwilds:boar":1,"untamedwilds:tarantula":1,"alexsmobs:stradpole":1,"cataclysm:symbiocto":1,"cataclysm:hippocamtus":1,"minecraft:zombie":9,"cataclysm:drowned_host":1,"cataclysm:urchinkin":4,"minecraft:wither_skeleton":5,"minecraft:blaze":3},"minecraft:used":{"minecraft:moss_block":2,"minecraft:beetroot":1,"minecraft:flint_and_steel":1,"minecraft:shield":30,"minecraft:iron_sword":99,"minecraft:cooked_chicken":2,"minecraft:rotten_flesh":9,"minecraft:dirt":17,"minecraft:jungle_planks":4,"minecraft:carrot":24,"minecraft:obsidian":7,"minecraft:wooden_axe":10,"minecraft:iron_axe":25,"untamedwilds:food_bear_cooked":2,"minecraft:iron_helmet":1,"minecraft:iron_boots":1,"minecraft:basalt":91,"minecraft:bow":2,"minecraft:golden_sword":32,"minecraft:furnace":5,"minecraft:cooked_cod":2,"farmersdelight:cooked_mutton_chops":2,"untamedwilds:material_fat":1,"morevanillashields:diamond_shield":8,"minecraft:cooked_mutton":6,"minecraft:stone_pickaxe":55,"minecraft:oak_planks":46,"minecraft:wooden_pickaxe":15,"minecraft:diamond_axe":26,"minecraft:golden_apple":2,"minecraft:jungle_boat":2,"minecraft:glow_berries":3,"minecraft:crafting_table":12,"minecraft:white_bed":2,"minecraft:diamond_pickaxe":429,"minecraft:apple":11,"minecraft:iron_pickaxe":250,"minecraft:oak_button":2,"minecraft:bread":38,"minecraft:cyan_bed":3,"minecraft:melon_slice":19,"minecraft:stone_axe":65,"untamedwilds:spawn_softshell_turtle":2,"minecraft:diamond_sword":73,"minecraft:cobblestone":329,"minecraft:oak_boat":1,"alexsmobs:animal_dictionary":1},"minecraft:broken":{"minecraft:golden_sword":1,"minecraft:iron_pickaxe":1}},"DataVersion":3465}