{"stats":{"minecraft:killed_by":{"untamedwilds:boar":1,"cataclysm:urchinkin":1,"cataclysm:deepling_brute":1,"minecraft:skeleton":1},"minecraft:used":{"minecraft:moss_block":2,"minecraft:beetroot":2,"minecraft:stone_sword":10,"minecraft:shield":1,"minecraft:iron_sword":41,"minecraft:rotten_flesh":3,"minecraft:iron_chestplate":1,"minecraft:torch":16,"minecraft:dirt":41,"minecraft:jungle_planks":7,"orcz:orcteethpaxel":43,"minecraft:iron_helmet":1,"minecraft:iron_boots":1,"minecraft:stone_bricks":3,"minecraft:bow":83,"minecraft:hay_block":1,"minecraft:furnace":3,"minecraft:iron_leggings":1,"minecraft:stone_pickaxe":158,"minecraft:oak_planks":11,"untamedwilds:food_turtle_raw":2,"minecraft:wooden_pickaxe":148,"minecraft:blue_bed":2,"minecraft:green_bed":3,"minecraft:jungle_boat":2,"minecraft:white_wool":2,"minecraft:glow_berries":6,"minecraft:crafting_table":8,"minecraft:apple":3,"minecraft:bread":32,"minecraft:melon_slice":37,"minecraft:leather_helmet":1,"untamedwilds:spawn_softshell_turtle":2,"minecraft:wooden_sword":50,"minecraft:cobblestone":102,"travelersbackpack:standard":1,"minecraft:oak_boat":1,"alexsmobs:animal_dictionary":3,"untamedwilds:flora_elephant_ear":1},"minecraft:picked_up":{"minecraft:cocoa_beans":3,"minecraft:crafting_table":1,"minecraft:wheat":1,"minecraft:chicken":5,"minecraft:clay_ball":40,"minecraft:wooden_pickaxe":1,"gravestone:obituary":5,"minecraft:moss_carpet":2,"minecraft:beetroot":2,"supplementaries:bomb":2,"minecraft:red_sand":1,"minecraft:gold_nugget":24,"minecraft:azalea":3,"minecraft:melon_slice":57,"minecraft:furnace":1,"minecraft:egg":2,"minecraft:stick":11,"minecraft:raw_iron":25,"minecraft:sandstone":12,"minecraft:torch":1,"minecraft:green_bed":4,"minecraft:spruce_fence":2,"minecraft:porkchop":2,"orcz:squigs_claws":2,"minecraft:arrow":1,"minecraft:rotten_flesh":4,"minecraft:beetroot_seeds":16,"orcz:orcshroom":7,"minecraft:hay_block":61,"minecraft:glow_berries":8,"minecraft:mutton":3,"cataclysm:stone_pillar":2,"minecraft:white_wool":6,"minecraft:cobblestone":175,"untamedwilds:flora_elephant_ear":2,"minecraft:jungle_boat":1,"minecraft:feather":6,"orcz:orcteeth":14,"farmersdelight:rice":1,"minecraft:jungle_log":4,"minecraft:oak_log":37,"minecraft:blue_bed":2,"minecraft:dirt":41,"minecraft:lantern":1,"untamedwilds:food_turtle_raw":2,"minecraft:bone":7,"untamedwilds:spawn_softshell_turtle":2,"minecraft:stone_bricks":4,"untamedwilds:material_fat":1,"minecraft:bow":1,"minecraft:wheat_seeds":4,"orcz:orcteeth_tool_sword":1,"minecraft:cobbled_deepslate_slab":6,"minecraft:stone_pickaxe":2,"untamedwilds:hide_tan":2,"minecraft:moss_block":11,"minecraft:acacia_sapling":1,"minecraft:oak_planks":3,"minecraft:chiseled_stone_bricks":3,"orcz:orcagaric":1,"orcz:blue_orcshroom":2,"minecraft:sand":7,"minecraft:white_bed":1,"minecraft:dark_oak_log":2,"travelersbackpack:standard":1,"minecraft:oak_wood":1,"minecraft:emerald":10,"minecraft:bread":11,"minecraft:oak_leaves":3,"minecraft:coal":42},"minecraft:killed":{"minecraft:spider":1,"untamedwilds:softshell_turtle":1,"minecraft:skeleton":1,"alexsmobs:leafcutter_ant":1,"minecraft:chicken":5,"orcz:squig":2,"orcz:orcsavagemace":1,"cataclysm:deepling_angler":1,"minecraft:pig":1,"orcz:goblinsavagemace":3,"untamedwilds:boar":1,"untamedwilds:tarantula":1,"untamedwilds:big_cat":1,"minecraft:sheep":2,"minecraft:pillager":1,"minecraft:zombie":7,"cataclysm:urchinkin":1,"cataclysm:deepling":4,"orcz:bigorcboss":1,"untamedwilds:snake":1,"orcz:orcsavage_2sword":1,"orcz:snot":12,"orcz:orcshield":1},"minecraft:dropped":{"minecraft:moss_block":4,"minecraft:glow_berries":2,"orcz:blue_orcshroom":1,"minecraft:stick":6,"minecraft:mutton":5,"minecraft:iron_leggings":1,"gravestone:obituary":2,"minecraft:white_wool":2,"farmersdelight:mutton_chops":2,"minecraft:bone":7,"minecraft:green_bed":1,"minecraft:wheat":125,"supplementaries:bomb":1,"minecraft:cobbled_deepslate_slab":6,"orcz:orcshroom":3,"minecraft:spruce_fence":2,"minecraft:chiseled_stone_bricks":3,"minecraft:hay_block":28,"minecraft:azalea":1,"minecraft:red_sand":1,"minecraft:stone_pickaxe":1},"minecraft:custom":{"minecraft:interact_with_smithing_table":1,"minecraft:mob_kills":52,"minecraft:interact_with_crafting_table":32,"minecraft:open_barrel":12,"minecraft:damage_dealt_resisted":155,"minecraft:leave_game":2,"minecraft:time_since_death":17678,"minecraft:climb_one_cm":13595,"minecraft:sprint_one_cm":852430,"minecraft:walk_one_cm":543136,"minecraft:damage_blocked_by_shield":25,"minecraft:drop":55,"minecraft:talked_to_villager":1,"minecraft:play_time":172333,"minecraft:sneak_time":2362,"minecraft:deaths":5,"minecraft:walk_under_water_one_cm":60422,"minecraft:boat_one_cm":197740,"minecraft:interact_with_brewingstand":1,"minecraft:jump":1958,"minecraft:walk_on_water_one_cm":60065,"minecraft:total_world_time":172333,"minecraft:interact_with_furnace":27,"minecraft:sleep_in_bed":3,"minecraft:time_since_rest":11706,"minecraft:damage_taken":2864,"minecraft:damage_dealt":4018,"minecraft:swim_one_cm":74731,"minecraft:fly_one_cm":205408,"minecraft:player_kills":1,"minecraft:open_chest":25,"minecraft:crouch_one_cm":2083,"minecraft:fall_one_cm":35337,"minecraft:inspect_dispenser":1},"minecraft:broken":{"minecraft:wooden_pickaxe":2},"minecraft:mined":{"minecraft:stone_pressure_plate":1,"minecraft:white_bed":1,"minecraft:dark_oak_log":2,"minecraft:glow_lichen":1,"gravestone:gravestone":4,"minecraft:cave_vines_plant":3,"cataclysm:stone_pillar":2,"minecraft:cobbled_deepslate_slab":3,"minecraft:red_sand":2,"minecraft:grass_block":12,"minecraft:spruce_fence":1,"minecraft:decorated_pot":1,"minecraft:jungle_log":4,"minecraft:moss_block":15,"minecraft:sandstone":12,"minecraft:chiseled_stone_bricks":4,"minecraft:hay_block":65,"minecraft:furnace":1,"farmersdelight:wild_rice":2,"minecraft:iron_ore":25,"minecraft:moss_carpet":2,"minecraft:flowering_azalea_leaves":2,"minecraft:cave_vines":1,"minecraft:vine":8,"minecraft:azalea_leaves":9,"minecraft:azalea":1,"minecraft:stone":168,"minecraft:white_wool":2,"minecraft:tripwire":3,"minecraft:green_bed":4,"minecraft:acacia_leaves":4,"minecraft:glass_pane":2,"travelersbackpack:standard":1,"minecraft:clay":11,"minecraft:crafting_table":1,"minecraft:melon":10,"untamedwilds:flora_elephant_ear":2,"minecraft:tall_grass":2,"minecraft:cobblestone":10,"farmersdelight:wild_tomatoes":2,"minecraft:oak_planks":3,"minecraft:blue_bed":2,"minecraft:wall_torch":1,"supplementaries:urn":3,"farmersdelight:wild_beetroots":19,"farmersdelight:sandy_shrub":2,"orcz:orcagaric":1,"minecraft:wheat":1,"minecraft:stone_brick_stairs":2,"minecraft:grass":13,"orcz:blue_orcshroom":1,"minecraft:oak_log":38,"minecraft:coal_ore":43,"minecraft:cocoa":1,"minecraft:sand":5,"minecraft:dirt":28,"minecraft:tripwire_hook":4,"minecraft:stone_bricks":11,"minecraft:oak_leaves":4,"minecraft:fern":4},"minecraft:crafted":{"minecraft:wooden_sword":1,"minecraft:oak_planks":104,"orcz:orcteeth_tool_sword":1,"minecraft:furnace":2,"orcz:orcteeth_tool_shovel":1,"minecraft:iron_boots":1,"orcz:orcteethpaxel":1,"minecraft:stone_pickaxe":2,"orcz:orcteeth_tool_pickaxe":1,"minecraft:dark_oak_planks":8,"minecraft:wheat":252,"minecraft:crafting_table":7,"minecraft:jungle_boat":1,"minecraft:wooden_pickaxe":3,"minecraft:iron_helmet":1,"minecraft:jungle_planks":16,"minecraft:oak_boat":1,"minecraft:iron_chestplate":1,"orcz:orcteeth_tool_axe":1,"minecraft:shield":1,"orcz:orcteeth_tool_hoe":1,"minecraft:stick":36,"minecraft:iron_ingot":22,"minecraft:stone_sword":1,"minecraft:iron_leggings":1,"minecraft:torch":28}},"DataVersion":3465}